rms,peak,peak_to_peak,crest_factor,kurtosis,skewness,std_dev,dominant_frequency,peak_fft_magnitude,top_freq_1,top_freq_2,top_freq_3,spectral_entropy,frequency_centroid,fault_type
0.999999999231252,2.437762318289798,4.867982796896536,2.437762319920046,-0.07601761828739173,-0.005373630319982614,0.999999999231252,30.0,0.9999999999999928,30.0,30.5,29.5,1.3211669351680275,31.186707755124317,normal
0.9999999995277221,2.556979020529001,5.059221731270335,2.5569790214809074,-0.06132559892669054,-0.007120864100304093,0.9999999995277221,297.0,0.9999999999999928,297.0,296.5,297.5,1.3114105985590943,299.2663457262736,inner_race
0.9999999996083487,2.417903218180278,4.809594115958527,2.4179032188854626,-0.07707191296302307,0.002775368737662264,0.9999999996083487,250.0,0.9999999999999928,250.0,249.5,250.5,1.268307151859599,250.5671497918662,outer_race
0.9999999993967299,2.5158990025912327,5.025674712590865,2.5158990038574096,-0.07122516749172014,0.0005560894868773636,0.9999999993967299,400.0,0.9999999999999928,400.0,399.5,400.5,1.3169015505320758,401.86062344750314,ball
